VIN#,Debtor Id,Fname,Middle,Lname,Company,Date of birth?,Add1,Add2,City,Prov,Country,Postal,Corporation id
AMS23121308560079,944737,Fionne,,George,,05-22-1982,83 Starlight Cres,,Richmond Hill,BC,CANADA,L4C 4X3,1
AMS24060310440801,949551,Bat," ",Man,,01-01-2010,219 Dufferin Street,,Toronto,ON,CANADA,L4K 4N1,1
AMS24060711360267,949621,Bat," ",Man,,01-01-2010,219 Dufferin Street,,Toronto,ON,CANADA,L4K 4N1,1
AMS24060711360980,949622,Bat," ",Man,,01-01-2010,219 Dufferin Street,,Toronto,ON,CANADA,L4K 4N1,1
AMS24060711370173,949623,Bat," ",Man,,01-01-2010,219 Dufferin Street,,Toronto,ON,CANADA,L4K 4N1,1
AMS24060711370550,949624,Bat," ",Man,,01-01-2010,219 Dufferin Street,,Toronto,ON,CANADA,L4K 4N1,1
AMS24060711370976,949625,Bat," ",Man,,01-01-2010,219 Dufferin Street,,Toronto,ON,CANADA,L4K 4N1,1
AMS24060711370988,949626,Bat," ",Man,,01-01-2010,219 Dufferin Street,,Toronto,ON,CANADA,L4K 4N1,1
AMS24060711390016,949627,Bat," ",Man,,01-01-2010,219 Dufferin Street,,Toronto,ON,CANADA,L4K 4N1,1
AMS24060711390301,949628,Bat," ",Man,,01-01-2010,219 Dufferin Street,,Toronto,ON,CANADA,L4K 4N1,1
AMS24060711390406,949629,Bat," ",Man,,01-01-2010,219 Dufferin Street,,Toronto,ON,CANADA,L4K 4N1,1
AMS24060711390597,949630,Bat," ",Man,,01-01-2010,219 Dufferin Street,,Toronto,AB,CANADA,L4K 4N1,1
AMS24060711390832,949631,Bat," ",Man,,01-01-2010,219 Dufferin Street,,Toronto,ON,CANADA,L4K 4N1,1
AMS24060712050235,949632,Fionne," ",George,,05-22-1982,83 Starlight Cres,,Richmond Hill,BC,CANADA,L4C 4X3,1
AMS24060712050800,949635,Fionne," ",George,,05-22-1982,83 Starlight Cres,,Richmond Hill,BC,CANADA,L4C 4X3,1
AMS24060713320014,949670,Bat," ",Man,,01-01-2010,219 Dufferin Street,,Toronto,ON,CANADA,L4K 4N1,1
AMS24060713320121,949671,Bat," ",Man,,01-01-2010,424 University Centre,,Winnipeg,MB,CANADA,R3T 2N2,1
AMS24060713320248,949674,Bat," ",Man,,01-01-2010,219 Dufferin Street,,Toronto,ON,CANADA,L4K 4N1,1
AMS24060713320286,949675,Bat," ",Man,,01-01-2010,219 Dufferin Street,,Toronto,ON,CANADA,L4K 4N1,1
AMS24060713320398,949676,Bat," ",Man,,01-01-2010,219 Dufferin Street,,Toronto,ON,CANADA,L4K 4N1,1
AMS24060713320593,949677,Bat," ",Man,,01-01-2010,219 Dufferin Street,,Toronto,ON,CANADA,L4K 4N1,1
AMS24060713320692,949678,Bat," ",Man,,01-01-2010,219 Dufferin Street,,Toronto,ON,CANADA,L4K 4N1,1
AMS24060713320692,949679,Scott,,Eastwood,,01-01-2001,220 Dufferin Street,,Toronto,ON,CANADA,L4K 4N2,1
AMS24060713320942,949680,Bat," ",Man,,01-01-2010,219 Dufferin Street,,Toronto,ON,CANADA,L4K 4N1,1
AMS24060713330393,949685,,,,Almighty Inc,,123 Court Street,,Toronto,ON,CANADA,L1L 1V1,1
AMS24060713340018,949690,Bat," ",Man,,01-01-2010,219 Dufferin Street,,Toronto,ON,CANADA,L4K 4N1,1
AMS24060713340302,949694,Bat," ",Man,,01-01-2010,219 Dufferin Street,,Toronto,ON,CANADA,L4K 4N1,1
AMS24060713340748,949698,Bat," ",Man,,01-01-2010,219 Dufferin Street,,Toronto,ON,CANADA,L4K 4N1,1
AMS24060713350104,949701,Bat," ",Man,,01-01-2010,219 Dufferin Street,,Toronto,ON,CANADA,L4K 4N1,1
AMS24060713350223,949703,Bat," ",Man,,01-01-2010,219 Dufferin Street,,Toronto,ON,CANADA,L4K 4N1,1
AMS24060713350460,949707,Bat," ",Man,,01-01-2010,219 Dufferin Street,,Toronto,ON,CANADA,L4K 4N1,1
AMS24060713350460,949708,Scott,,Eastwood,,01-01-2001,121 Harbord,,Whitby,ON,CANADA,L1N 2L4,1
AMS24060713350773,949714,Bat," ",Man,,01-01-2010,117 King Edward St,,Winnipeg,MB,CANADA,R3H 0Y3,1
AMS24060713350773,949715,Scott,,Eastwood,,01-01-2001,5275 Portage Ave,,Headingley,MB,CANADA,R4H 1J9,1
AMS24060713360061,949716,Bat," ",Man,,01-01-2010,219 Dufferin Street,,Toronto,ON,CANADA,L4K 4N1,1
AMS24060713360364,949717,Bat," ",Man,,01-01-2010,219 Dufferin Street,,Toronto,ON,CANADA,L4K 4N1,1
AMS24060713360499,949718,Bat," ",Man,,01-01-2010,219 Dufferin Street,,Toronto,ON,CANADA,L4K 4N1,1
AMS24060713360769,949719,Bat," ",Man,,01-01-2010,219 Dufferin Street,,Toronto,ON,CANADA,L4K 4N1,1
AMS24060714140459,949730,Bat," ",Man,,01-01-2010,219 Dufferin Street,,Toronto,ON,CANADA,L4K 4N1,1
AMS24061310480177,949744,JOHNY," ",BRAVO,,01-01-2010,219 Dufferin Street,,Toronto,ON,CANADA,V6S 2G5,1
AMS24061310480459,949745,JOHNY," ",BRAVO,,01-01-2010,219 Dufferin Street,,Toronto,ON,CANADA,V6S 2G5,1
AMS24061310510262,949746,JOHNY," ",BRAVO,,01-01-2010,219 Dufferin Street,,Toronto,ON,CANADA,V6S 2G5,1
AMS24061310510847,949747,JOHNY," ",BRAVO,,01-01-2010,219 Dufferin Street,,Toronto,ON,CANADA,V6S 2G5,1
AMS24061310590651,949748,JOHNY," ",BRAVO,,01-01-2010,219 Dufferin Street,,Toronto,ON,CANADA,V6S 2G5,1
AMS24061311480615,949749,JOHNY," ",BRAVO,,01-01-2010,219 Dufferin Street,,Toronto,ON,CANADA,V6S 2G5,1
AMS24061311480101,949750,JOHNY," ",BRAVO,,01-01-2010,219 Dufferin Street,,Toronto,ON,CANADA,V6S 2G5,1
AMS24061312160154,949751,JOHNY," ",BRAVO,,01-01-2010,219 Dufferin Street,,Toronto,ON,CANADA,V6S 2G5,1
AMS24061312160889,949752,JOHNY," ",BRAVO,,01-01-2010,219 Dufferin Street,,Toronto,ON,CANADA,V6S 2G5,1
AMS24061312340443,949755,JOHNY," ",BRAVO,,01-01-2010,219 Dufferin Street,,Toronto,ON,CANADA,V6S 2G5,1
AMS24061312450567,949757,JOHNY," ",BRAVO,,01-01-2010,219 Dufferin Street,,Toronto,ON,CANADA,V6S 2G5,1
AMS24061312540686,949759,JOHNY," ",BRAVO,,01-01-2010,219 Dufferin Street,,Toronto,ON,CANADA,V6S 2G5,1
AMS24061313190989,949760,JOHNY," ",BRAVO,,01-01-2010,219 Dufferin Street,,Toronto,ON,CANADA,L4K 4N1,1
AMS24061313450178,949762,JOHNY,,BRAVO,,01-01-2010,123 Court Street,,Toronto,ON,CANADA,L1L 1V1,1
AMS24061320510083,949763,JOHNY," ",BRAVO,,01-01-2010,219 Dufferin Street,,Toronto,ON,CANADA,L4K 4N1,1
AMS24061803300185,949765,Bat," ",Man,,01-01-2010,219 Dufferin Street,,Toronto,ON,CANADA,L4K 4N1,1
AMS24061804060484,949767,Bat," ",Man,,01-01-2010,219 Dufferin Street,,Toronto,ON,CANADA,L4K 4N1,1
AMS24061804060603,949768,Bat," ",Man,,01-01-2010,219 Dufferin Street,,Toronto,ON,CANADA,L4K 4N1,1
AMS24061804060697,949769,Bat," ",Man,,01-01-2010,219 Dufferin Street,,Toronto,ON,CANADA,L4K 4N1,1
AMS24061804060713,949770,Bat," ",Man,,01-01-2010,219 Dufferin Street,,Toronto,ON,CANADA,L4K 4N1,1
AMS24061804060831,949771,Bat," ",Man,,01-01-2010,219 Dufferin Street,,Toronto,AB,CANADA,L4K 4N1,1
AMS24061804420460,949772,Bat," ",Man,,01-01-2010,219 Dufferin Street,,Toronto,ON,CANADA,L4K 4N1,1
AMS24061804420722,949773,Bat," ",Man,,01-01-2010,219 Dufferin Street,,Toronto,ON,CANADA,L4K 4N1,1
AMS24061804420820,949774,Bat," ",Man,,01-01-2010,219 Dufferin Street,,Toronto,AB,CANADA,L4K 4N1,1
AMS24061804430193,949775,Bat," ",Man,,01-01-2010,219 Dufferin Street,,Toronto,ON,CANADA,L4K 4N1,1
AMS24061804430437,949776,Bat," ",Man,,01-01-2010,219 Dufferin Street,,Toronto,ON,CANADA,L4K 4N1,1
AMS24061805430602,949777,Bat," ",Man,,01-01-2010,219 Dufferin Street,,Toronto,ON,CANADA,L4K 4N1,1
AMS24061805440243,949778,Bat,,Man,,01-01-2010,219 Dufferin Street,,Toronto,ON,CANADA,L4K 4N1,1
AMS24061805440243,949779,Iron,,Man,,01-01-2001,121 Harbord,,Whitby,ON,CANADA,L1N 2L4,1
AMS24061805440325,949780,NICK,,JUST,,01-01-2010,1562 THE QUEENSWAY,,TORONTO,ON,CANADA,M2R2X8,1
AMS24061805440325,949781,JUDITH,,JACKSON,,01-01-2001,74 BOND STREET,,MISSISSAUGA,ON,CANADA,L5R44A1,1
AMS24061805440432,949782,NICK,,JUST,,01-01-2010,1562 THE QUEENSWAY,,TORONTO,ON,CANADA,M2R2X8,1
AMS24061805440432,949783,JUDITH,,JACKSON,,01-01-2001,74 BOND STREET,,MISSISSAUGA,ON,CANADA,L5R44A1,1
AMS24061805440436,949784,Bat,,Man,,01-01-2010,219 Dufferin Street,,Toronto,ON,CANADA,L4K 4N1,1
AMS24061805440436,949785,Iron,,Man,,01-01-2001,121 Harbord,,Whitby,ON,CANADA,L1N 2L4,1
AMS24061805440765,949786,NICK,,JUST,,01-01-2010,1562 THE QUEENSWAY,,TORONTO,ON,CANADA,M2R2X8,1
AMS24061805440765,949787,JUDITH,,JACKSON,,01-01-2001,74 BOND STREET,,MISSISSAUGA,ON,CANADA,L5R44A1,1
AMS24061805440847,949788,Bat,,Man,,01-01-2010,219 Dufferin Street,,Toronto,ON,CANADA,L4K 4N1,1
AMS24061805440847,949789,Iron,,Man,,01-01-2001,121 Harbord,,Whitby,ON,CANADA,L1N 2L4,1
AMS24061805440855,949790,Bat,,Man,,01-01-2010,219 Dufferin Street,,Toronto,ON,CANADA,L4K 4N1,1
AMS24061805440855,949791,Iron,,Man,,01-01-2001,121 Harbord,,Whitby,ON,CANADA,L1N 2L4,1
AMS24061807020085,949803,Bat,,Man,,01-01-2010,219 Dufferin Street,,Toronto,ON,CANADA,L4K 4N1,1
AMS24061807020085,949804,Iron,,Man,,01-01-2001,121 Harbord,,Whitby,ON,CANADA,L1N 2L4,1
AMS24061807020171,949805,ROTI,,RASTA,,01-01-2010,40 ROSSER AVENUE,,BRANDON,MB,CANADA,M2R2X8,1
AMS24061807020171,949806,MARIO,,MANITA BAN,,01-01-2001,20 ROSSER AVENUE,,BRANDON,MB,CANADA,R7A7P9,1
AMS24061807020412,949807,Bat,,Man,,01-01-2010,219 Dufferin Street,,Toronto,ON,CANADA,L4K 4N1,1
AMS24061807020412,949808,Iron,,Man,,01-01-2001,121 Harbord,,Whitby,ON,CANADA,L1N 2L4,1
AMS24061807020516,949809,Bat,,Man,,01-01-2010,219 Dufferin Street,,Toronto,ON,CANADA,L4K 4N1,1
AMS24061807020516,949810,Iron,,Man,,01-01-2001,121 Harbord,,Whitby,ON,CANADA,L1N 2L4,1
AMS24061807020607,949811,Bat,,Man,,01-01-2010,219 Dufferin Street,,Toronto,ON,CANADA,L4K 4N1,1
AMS24061807020607,949812,Iron,,Man,,01-01-2001,121 Harbord,,Whitby,ON,CANADA,L1N 2L4,1
AMS24061807020736,949813,ROTI,,RASTA,,01-01-2010,40 ROSSER AVENUE,,BRANDON,MB,CANADA,M2R2X8,1
AMS24061807020736,949814,MARIO,,MANITA BAN,,01-01-2001,20 ROSSER AVENUE,,BRANDON,MB,CANADA,R7A7P9,1
AMS24061807020911,949815,Bat,,Man,,01-01-2010,219 Dufferin Street,,Toronto,ON,CANADA,L4K 4N1,1
AMS24061807020911,949816,Iron,,Man,,01-01-2001,121 Harbord,,Whitby,ON,CANADA,L1N 2L4,1
AMS24061807020961,949817,ROTI,,RASTA,,01-01-2010,40 ROSSER AVENUE,,BRANDON,MB,CANADA,M2R2X8,1
AMS24061807020961,949818,MARIO,,MANITA BAN,,01-01-2001,20 ROSSER AVENUE,,BRANDON,MB,CANADA,R7A7P9,1
AMS24061809450367,949829,ROTI,,RASTA,,01-01-2010,40 ROSSER AVENUE,,BRANDON,MB,CANADA,R7A7P9,1
AMS24061809450367,949830,MARIO,,MANITA BAN,,01-01-2001,20 ROSSER AVENUE,,BRANDON,MB,CANADA,R7A7P9,1
AMS24061815160492,949862,Bat," ",Man,,01-01-2010,219 Dufferin Street,,Toronto,ON,CANADA,L4K 4N1,1
AMS24061815160606,949863,Bat," ",Man,,01-01-2010,219 Dufferin Street,,Toronto,ON,CANADA,L4K 4N1,1
AMS24061815160720,949864,Bat," ",Man,,01-01-2010,219 Dufferin Street,,Toronto,ON,CANADA,L4K 4N1,1
AMS24061815160845,949865,Bat," ",Man,,01-01-2010,219 Dufferin Street,,Toronto,ON,CANADA,L4K 4N1,1
AMS24061815160859,949866,Bat," ",Man,,01-01-2010,219 Dufferin Street,,Toronto,ON,CANADA,L4K 4N1,1
AMS24061815160821,949867,Bat," ",Man,,01-01-2010,219 Dufferin Street,,Toronto,ON,CANADA,L4K 4N1,1
AMS24061815190082,949868,Bat," ",Man,,01-01-2010,219 Dufferin Street,,Toronto,ON,CANADA,L4K 4N1,1
AMS24061815190165,949869,Bat," ",Man,,01-01-2010,219 Dufferin Street,,Toronto,AB,CANADA,L4K 4N1,1
AMS24061815190624,949870,Bat," ",Man,,01-01-2010,219 Dufferin Street,,Toronto,ON,CANADA,L4K 4N1,1
AMS24061815190824,949871,Bat," ",Man,,01-01-2010,219 Dufferin Street,,Toronto,ON,CANADA,L4K 4N1,1
AMS24061815190957,949872,Bat," ",Man,,01-01-2010,219 Dufferin Street,,Toronto,ON,CANADA,L4K 4N1,1
AMS24061815450585,949875,Fionne," ",George,,05-22-1982,83 Starlight Cres,,Richmond Hill,BC,CANADA,L4C 4X3,1
AMS24061815450603,949876,Fionne," ",George,,05-22-1982,83 Starlight Cres,,Richmond Hill,BC,CANADA,L4C 4X3,1
AMS24061817130057,949911,Bat,,Man,,01-01-2010,219 Dufferin Street,,Toronto,ON,CANADA,L4K 4N1,1
AMS24061817130057,949912,Scott,,Eastwood,,01-01-2001,220 Dufferin Street,,Toronto,ON,CANADA,L4K 4N2,1
AMS24061817130058,949913,Bat," ",Man,,01-01-2010,219 Dufferin Street,,Toronto,ON,CANADA,L4K 4N1,1
AMS24061817130112,949914,Bat," ",Man,,01-01-2010,219 Dufferin Street,,Toronto,ON,CANADA,L4K 4N1,1
AMS24061817130146,949915,Bat," ",Man,,01-01-2010,219 Dufferin Street,,Toronto,ON,CANADA,L4K 4N1,1
AMS24061817130740,949916,Bat," ",Man,,01-01-2010,219 Dufferin Street,,Toronto,ON,CANADA,L4K 4N1,1
AMS24061817130945,949919,Bat," ",Man,,01-01-2010,424 University Centre,,Winnipeg,MB,CANADA,R3T 2N2,1
AMS24061817130989,949920,Bat," ",Man,,01-01-2010,219 Dufferin Street,,Toronto,ON,CANADA,L4K 4N1,1
AMS24061817130996,949921,Bat," ",Man,,01-01-2010,219 Dufferin Street,,Toronto,ON,CANADA,L4K 4N1,1
AMS24061817140495,949931,,,,Almighty Inc,,123 Court Street,,Toronto,ON,CANADA,L1L 1V1,1
AMS24061817150048,949932,Bat," ",Man,,01-01-2010,219 Dufferin Street,,Toronto,ON,CANADA,L4K 4N1,1
AMS24061817150865,949936,Bat," ",Man,,01-01-2010,219 Dufferin Street,,Toronto,ON,CANADA,L4K 4N1,1
AMS24061817150952,949940,Bat," ",Man,,01-01-2010,219 Dufferin Street,,Toronto,ON,CANADA,L4K 4N1,1
AMS24061817160096,949942,Bat,,Man,,01-01-2010,117 King Edward St,,Winnipeg,MB,CANADA,R3H 0Y3,1
AMS24061817160096,949943,Scott,,Eastwood,,01-01-2001,5275 Portage Ave,,Headingley,MB,CANADA,R4H 1J9,1
AMS24061817160069,949946,Bat," ",Man,,01-01-2010,219 Dufferin Street,,Toronto,ON,CANADA,L4K 4N1,1
AMS24061817160199,949951,Bat,,Man,,01-01-2010,219 Dufferin Street,,Toronto,ON,CANADA,L4K 4N1,1
AMS24061817160199,949952,Scott,,Eastwood,,01-01-2001,121 Harbord,,Whitby,ON,CANADA,L1N 2L4,1
AMS24061817160296,949954,Bat," ",Man,,01-01-2010,219 Dufferin Street,,Toronto,ON,CANADA,L4K 4N1,1
AMS24061817170016,949957,Bat," ",Man,,01-01-2010,219 Dufferin Street,,Toronto,ON,CANADA,L4K 4N1,1
AMS24061817170050,949958,Bat," ",Man,,01-01-2010,219 Dufferin Street,,Toronto,ON,CANADA,L4K 4N1,1
AMS24061817170109,949959,Bat," ",Man,,01-01-2010,219 Dufferin Street,,Toronto,ON,CANADA,L4K 4N1,1
AMS24061817170859,949960,Bat," ",Man,,01-01-2010,219 Dufferin Street,,Toronto,ON,CANADA,L4K 4N1,1
AMS24011080414413,964680,Bat," ",Man,,01-01-2010,219 Dufferin Street,,Toronto,ON,CANADA,L4K 4N1,1
AMS24011080405442,964681,Bat," ",Man,,01-01-2010,219 Dufferin Street,,Toronto,AB,CANADA,L4K 4N1,1
AMS24011080427714,964682,Bat," ",Man,,01-01-2010,219 Dufferin Street,,Toronto,ON,CANADA,L4K 4N1,1
AMS24011080433790,964683,Bat," ",Man,,01-01-2010,219 Dufferin Street,,Toronto,ON,CANADA,L4K 4N1,1
AMS24011080420829,964684,Bat," ",Man,,01-01-2010,219 Dufferin Street,,Toronto,ON,CANADA,L4K 4N1,1
AMS24012160005864,968140,Bat,,Man,,01-01-2010,219 Dufferin Street,,Toronto,ON,CANADA,L4K 4N1,1
AMS24012160005864,968141,Scott,,Eastwood,,01-01-2001,121 Harbord,,Whitby,ON,CANADA,L1N 2L4,1
AMS24012180845999,968144,Bat,,Man,,01-01-2010,219 Dufferin Street,,Toronto,ON,CANADA,L4K 4N1,1
AMS24012180845999,968145,Scott,,Eastwood,,01-01-2001,121 Harbord,,Whitby,ON,CANADA,L1N 2L4,1
AMS24012180830115,968148,Bat,,Man,,01-01-2010,219 Dufferin Street,,Toronto,ON,CANADA,L4K 4N1,1
AMS24012180830115,968149,Scott,,Eastwood,,01-01-2001,121 Harbord,,Whitby,ON,CANADA,L1N 2L4,1
AMS24012180858154,968151,Bat," ",Man,,01-01-2010,117 King Edward St,,Winnipeg,MB,CANADA,R3H 0Y3,1
AMS24012180841323,968152,Bat," ",Man,,01-01-2010,219 Dufferin Street,,Toronto,ON,CANADA,L4K 4N1,1
AMS24012180846792,968154,Bat," ",Man,,01-01-2010,219 Dufferin Street,,Toronto,ON,CANADA,L4K 4N1,1
AMS24012180814543,968155,QUEENIE,,QUENSTON,,01-13-1995,1561 THE QUEENSWAY,,TORONTO,ON,CANADA,M2R2X8,1
AMS24012180814543,968156,SUSIE,,SASKETON,,01-11-1995,25 CIRCLE DRIVE,,SASKATOON,SK,CANADA,S7L1T9,1
AMS24012180835677,968157,Bat,,Man,,01-01-2010,219 Dufferin Street,,Toronto,ON,CANADA,L4K 4N1,1
AMS24012180835677,968158,Scott,,Eastwood,,01-01-2001,121 Harbord,,Whitby,ON,CANADA,L1N 2L4,1
AMS24012180823701,968159,Bat," ",Man,,01-01-2010,219 Dufferin Street,,Toronto,ON,CANADA,L4K 4N1,1
AMS24012190759116,968174,Fionne1," ",George1,,05-22-1982,83 Starlight Cres,,Richmond Hill,BC,CANADA,L4C 4X3,1
AMS24012190736139,968175,Fionne9," ",George9,,05-22-1982,83 Starlight Cres,,Richmond Hill,BC,CANADA,L4C 4X3,1
AMS24012190704252,968176,Fionne2," ",George2,,05-22-1982,83 Starlight Cres,,Richmond Hill,BC,CANADA,L4C 4X3,1
AMS24012190745345,968178,Fionne11," ",George11,,05-22-1982,83 Starlight Cres,,Richmond Hill,BC,CANADA,L4C 4X3,1
AMS24012190754401,968180,Fionne13," ",George13,,05-22-1982,83 Starlight Cres,,Richmond Hill,BC,CANADA,L4C 4X3,1
AMS24012190740761,968185,Fionne10," ",George10,,05-22-1982,83 Starlight Cres,,Richmond Hill,BC,CANADA,L4C 4X3,1
AMS24012190708025,968189,Fionne15," ",George15,,05-22-1982,83 Starlight Cres,,Richmond Hill,BC,CANADA,L4C 4X3,1
AMS24012190712548,968190,Fionne16," ",George16,,05-22-1982,83 Starlight Cres,,Richmond Hill,BC,CANADA,L4C 4X3,1
AMS24012190755436,968216,Bat," ",Man,,01-01-2010,219 Dufferin Street,,Toronto,ON,CANADA,L4K 4N1,1
AMS24012190750511,968217,Bat," ",Man,,01-01-2010,219 Dufferin Street,,Toronto,ON,CANADA,L4K 4N1,1
AMS24012190714206,968218,Bat," ",Man,,01-01-2010,219 Dufferin Street,,Toronto,ON,CANADA,L4K 4N1,1
AMS24012190700236,968219,Bat," ",Man,,01-01-2010,219 Dufferin Street,,Toronto,ON,CANADA,L4K 4N1,1
AMS24012190709555,968220,Bat," ",Man,,01-01-2010,219 Dufferin Street,,Toronto,ON,CANADA,L4K 4N1,1
AMS24012190704798,968221,Bat," ",Man,,01-01-2010,219 Dufferin Street,,Toronto,ON,CANADA,L4K 4N1,1
AMS24012190740380,968222,Bat," ",Man,,01-01-2010,219 Dufferin Street,,Toronto,ON,CANADA,L4K 4N1,1
AMS24012190730475,968223,Bat," ",Man,,01-01-2010,219 Dufferin Street,,Toronto,AB,CANADA,L4K 4N1,1
AMS24012190749555,968224,Bat," ",Man,,01-01-2010,219 Dufferin Street,,Toronto,ON,CANADA,L4K 4N1,1
AMS24012190735747,968225,Bat," ",Man,,01-01-2010,219 Dufferin Street,,Toronto,ON,CANADA,L4K 4N1,1
AMS24012190744977,968226,Bat," ",Man,,01-01-2010,219 Dufferin Street,,Toronto,ON,CANADA,L4K 4N1,1
AMS24012190856614,968228,Fionne," ",George,,05-22-1982,83 Starlight Cres,,Richmond Hill,BC,CANADA,L4C 4X3,1
AMS24012190801147,968230,Fionne," ",George,,05-22-1982,83 Starlight Cres,,Richmond Hill,BC,CANADA,L4C 4X3,1
AMS24012191031113,968259,Fionne2," ",George2,,05-22-1982,371 Tulameen Ave,,Princeton,BC,CANADA,V0X 1W0,1
AMS24012191136216,968272,Bat," ",Man,,01-01-2010,219 Dufferin Street,,Toronto,ON,CANADA,L4K 4N1,1
AMS24012191146222,968273,Bat,,Man,,01-01-2010,219 Dufferin Street,,Toronto,ON,CANADA,L4K 4N1,1
AMS24012191146222,968274,Scott,,Eastwood,,01-01-2001,220 Dufferin Street,,Toronto,ON,CANADA,L4K 4N2,1
AMS24012191155563,968275,Bat," ",Man,,01-01-2010,219 Dufferin Street,,Toronto,ON,CANADA,L4K 4N1,1
AMS24012191141584,968276,Bat," ",Man,,01-01-2010,219 Dufferin Street,,Toronto,ON,CANADA,L4K 4N1,1
AMS24012191150957,968277,,,,Almighty Inc,,123 Court Street,,Toronto,ON,CANADA,L1L 1V1,1
AMS24012191128008,968278,Bat," ",Man,,01-01-2010,219 Dufferin Street,,Toronto,ON,CANADA,L4K 4N1,1
AMS24012191109386,968280,Bat," ",Man,,01-01-2010,219 Dufferin Street,,Toronto,ON,CANADA,L4K 4N1,1
AMS24012191100131,968282,Bat," ",Man,,01-01-2010,219 Dufferin Street,,Toronto,ON,CANADA,L4K 4N1,1
AMS24012191137388,968286,Bat," ",Man,,01-01-2010,219 Dufferin Street,,Toronto,ON,CANADA,L4K 4N1,1
AMS24012191118657,968287,Bat," ",Man,,01-01-2010,117 King Edward St,,Winnipeg,MB,CANADA,R3H 0Y3,1
AMS24012191132794,968290,Bat," ",Man,,01-01-2010,219 Dufferin Street,,Toronto,ON,CANADA,L4K 4N1,1
AMS24012191148132,968294,Bat," ",Man,,01-01-2010,219 Dufferin Street,,Toronto,ON,CANADA,L4K 4N1,1
AMS24012191157442,968298,QUEENIE,,QUENSTON,,01-13-1995,1561 THE QUEENSWAY,,TORONTO,ON,CANADA,M2R2X8,1
AMS24012191157442,968299,SUSIE,,SASKETON,,01-11-1995,25 CIRCLE DRIVE,,SASKATOON,SK,CANADA,S7L1T9,1
AMS24012191152814,968304,Bat," ",Man,,01-01-2010,219 Dufferin Street,,Toronto,ON,CANADA,L4K 4N1,1
AMS24012191102104,968308,Bat," ",Man,,01-01-2010,219 Dufferin Street,,Toronto,ON,CANADA,L4K 4N1,1
AMS24012191111586,968313,Bat," ",Man,,01-01-2010,219 Dufferin Street,,Toronto,ON,CANADA,L4K 4N1,1
AMS24012191106915,968315,Bat," ",Man,,01-01-2010,219 Dufferin Street,,Toronto,ON,CANADA,L4K 4N1,1
AMS24012191147441,968319,Bat," ",Man,,01-01-2010,219 Dufferin Street,,Toronto,ON,CANADA,L4K 4N1,1
AMS24012191137560,968320,Bat," ",Man,,01-01-2010,219 Dufferin Street,,Toronto,ON,CANADA,L4K 4N1,1
AMS24012191142827,968322,Bat," ",Man,,01-01-2010,219 Dufferin Street,,Toronto,ON,CANADA,L4K 4N1,1
AMS24012191329599,968347,Ethan," ",Thomas,,12-03-1994,371 Tulameen Ave,,Princeton,BC,CANADA,V0X 1W0,1
AMS24012191303138,968348,Bat," ",Man,,01-01-2010,219 Dufferin Street,,Toronto,ON,CANADA,L4K 4N1,1
AMS24012191556019,968367,Bat," ",Man,,01-01-2010,117 King Edward St,,Winnipeg,MB,CANADA,R3H 0Y3,1
AMS24012191528199,968368,Bat," ",Man,,01-01-2010,219 Dufferin Street,,Toronto,ON,CANADA,L4K 4N1,1
AMS24012191537309,968369,Bat,,Man,,01-01-2010,219 Dufferin Street,,Toronto,ON,CANADA,L4K 4N1,1
AMS24012191537309,968370,Scott,,Eastwood,,01-01-2001,121 Harbord,,Whitby,ON,CANADA,L1N 2L4,1
AMS24012191523311,968371,QUEENIE,,QUENSTON,,01-13-1995,1561 THE QUEENSWAY,,TORONTO,ON,CANADA,M2R2X8,1
AMS24012191523311,968372,SUSIE,,SASKETON,,01-11-1995,25 CIRCLE DRIVE,,SASKATOON,SK,CANADA,S7L1T9,1
AMS24012191546551,968374,Bat," ",Man,,01-01-2010,219 Dufferin Street,,Toronto,ON,CANADA,L4K 4N1,1
AMS24012191532805,968375,Bat,,Man,,01-01-2010,219 Dufferin Street,,Toronto,ON,CANADA,L4K 4N1,1
AMS24012191532805,968376,Scott,,Eastwood,,01-01-2001,121 Harbord,,Whitby,ON,CANADA,L1N 2L4,1
AMS24012191541944,968377,Bat," ",Man,,01-01-2010,219 Dufferin Street,,Toronto,ON,CANADA,L4K 4N1,1
AMS24012191600256,968396,Bat,,Man,,01-01-2010,219 Dufferin Street,,Toronto,ON,CANADA,L4K 4N1,1
AMS24012191600256,968397,Scott,,Eastwood,,01-01-2001,121 Harbord,,Whitby,ON,CANADA,L1N 2L4,1
AMS24012191657915,968424,Bat," ",Man,,01-01-2010,219 Dufferin Street,,Toronto,ON,CANADA,L4K 4N1,1
AMS24012191621413,968425,Bat," ",Man,,01-01-2010,117 King Edward St,,Winnipeg,MB,CANADA,R3H 0Y3,1
AMS24012191612206,968427,Bat," ",Man,,01-01-2010,219 Dufferin Street,,Toronto,ON,CANADA,L4K 4N1,1
AMS24012191644543,968431,Bat,,Man,,01-01-2010,219 Dufferin Street,,Toronto,ON,CANADA,L4K 4N1,1
AMS24012191644543,968432,Scott,,Eastwood,,01-01-2001,121 Harbord,,Whitby,ON,CANADA,L1N 2L4,1
AMS24012191635301,968433,Bat," ",Man,,01-01-2010,219 Dufferin Street,,Toronto,ON,CANADA,L4K 4N1,1
AMS24012191653916,968436,Bat,,Man,,01-01-2010,219 Dufferin Street,,Toronto,ON,CANADA,L4K 4N1,1
AMS24012191653916,968437,Scott,,Eastwood,,01-01-2001,121 Harbord,,Whitby,ON,CANADA,L1N 2L4,1
AMS24012191602929,968439,Bat," ",Man,,01-01-2010,219 Dufferin Street,,Toronto,ON,CANADA,L4K 4N1,1
AMS24012191630702,968440,Bat," ",Man,,01-01-2010,219 Dufferin Street,,Toronto,ON,CANADA,L4K 4N1,1
AMS24012191639908,968441,Bat,,Man,,01-01-2010,219 Dufferin Street,,Toronto,ON,CANADA,L4K 4N1,1
AMS24012191639908,968442,Scott,,Eastwood,,01-01-2001,121 Harbord,,Whitby,ON,CANADA,L1N 2L4,1
AMS24012191622093,968443,QUEENIE,,QUENSTON,,01-13-1995,1561 THE QUEENSWAY,,TORONTO,ON,CANADA,M2R2X8,1
AMS24012191622093,968444,SUSIE,,SASKETON,,01-11-1995,25 CIRCLE DRIVE,,SASKATOON,SK,CANADA,S7L1T9,1
AMS24012191631408,968446,Bat," ",Man,,01-01-2010,219 Dufferin Street,,Toronto,ON,CANADA,L4K 4N1,1
AMS24012191650565,968447,Bat," ",Man,,01-01-2010,117 King Edward St,,Winnipeg,MB,CANADA,R3H 0Y3,1
AMS24012191603247,968451,Bat,,Man,,01-01-2010,117 King Edward St,,Winnipeg,MB,CANADA,R3H 0Y3,1
AMS24012191603247,968452,Scott,,Eastwood,,01-01-2001,5275 Portage Ave,,Headingley,MB,CANADA,R4H 1J9,1
AMS24012191641318,968453,Bat," ",Man,,01-01-2010,219 Dufferin Street,,Toronto,ON,CANADA,L4K 4N1,1
AMS24012191617378,968455,Bat,,Man,,01-01-2010,219 Dufferin Street,,Toronto,ON,CANADA,L4K 4N1,1
AMS24012191617378,968456,Scott,,Eastwood,,01-01-2001,121 Harbord,,Whitby,ON,CANADA,L1N 2L4,1
AMS24012191612669,968457,Bat,,Man,,01-01-2010,219 Dufferin Street,,Toronto,ON,CANADA,L4K 4N1,1
AMS24012191612669,968458,Scott,,Eastwood,,01-01-2001,121 Harbord,,Whitby,ON,CANADA,L1N 2L4,1
AMS24012191626748,968459,Bat," ",Man,,01-01-2010,219 Dufferin Street,,Toronto,ON,CANADA,L4K 4N1,1
AMS24012191659790,968460,Bat," ",Man,,01-01-2010,219 Dufferin Street,,Toronto,ON,CANADA,L4K 4N1,1
AMS24012191609135,968461,Bat,,Man,,01-01-2010,219 Dufferin Street,,Toronto,ON,CANADA,L4K 4N1,1
AMS24012191609135,968462,Scott,,Eastwood,,01-01-2001,121 Harbord,,Whitby,ON,CANADA,L1N 2L4,1
AMS24012191623156,968463,Bat,,Man,,01-01-2010,219 Dufferin Street,,Toronto,ON,CANADA,L4K 4N1,1
AMS24012191623156,968464,Scott,,Eastwood,,01-01-2001,121 Harbord,,Whitby,ON,CANADA,L1N 2L4,1
AMS24012191651160,968467,QUEENIE,,QUENSTON,,01-13-1995,1561 THE QUEENSWAY,,TORONTO,ON,CANADA,M2R2X8,1
AMS24012191651160,968468,SUSIE,,SASKETON,,01-11-1995,25 CIRCLE DRIVE,,SASKATOON,SK,CANADA,S7L1T9,1
AMS24012191632537,968469,Bat,,Man,,01-01-2010,117 King Edward St,,Winnipeg,MB,CANADA,R3H 0Y3,1
AMS24012191632537,968470,Scott,,Eastwood,,01-01-2001,5275 Portage Ave,,Headingley,MB,CANADA,R4H 1J9,1
AMS24012191604450,968473,Bat," ",Man,,01-01-2010,219 Dufferin Street,,Toronto,ON,CANADA,L4K 4N1,1
AMS24012191646477,968474,Bat,,Man,,01-01-2010,219 Dufferin Street,,Toronto,ON,CANADA,L4K 4N1,1
AMS24012191646477,968475,Scott,,Eastwood,,01-01-2001,121 Harbord,,Whitby,ON,CANADA,L1N 2L4,1
AMS24012191613823,968478,Bat,,Man,,01-01-2010,219 Dufferin Street,,Toronto,ON,CANADA,L4K 4N1,1
AMS24012191613823,968479,Scott,,Eastwood,,01-01-2001,121 Harbord,,Whitby,ON,CANADA,L1N 2L4,1
AMS24012191655807,968480,Bat," ",Man,,01-01-2010,219 Dufferin Street,,Toronto,ON,CANADA,L4K 4N1,1
AMS24012191641817,968481,Bat,,Man,,01-01-2010,219 Dufferin Street,,Toronto,ON,CANADA,L4K 4N1,1
AMS24012191641817,968482,Scott,,Eastwood,,01-01-2001,121 Harbord,,Whitby,ON,CANADA,L1N 2L4,1
AMS24012191619298,968483,Bat," ",Man,,01-01-2010,117 King Edward St,,Winnipeg,MB,CANADA,R3H 0Y3,1
AMS24012191600510,968486,Bat," ",Man,,01-01-2010,219 Dufferin Street,,Toronto,ON,CANADA,L4K 4N1,1
AMS24012191642632,968489,Bat,,Man,,01-01-2010,219 Dufferin Street,,Toronto,ON,CANADA,L4K 4N1,1
AMS24012191642632,968490,Scott,,Eastwood,,01-01-2001,121 Harbord,,Whitby,ON,CANADA,L1N 2L4,1
AMS24012191633338,968491,Bat," ",Man,,01-01-2010,219 Dufferin Street,,Toronto,ON,CANADA,L4K 4N1,1
AMS24012191651961,968494,Bat,,Man,,01-01-2010,219 Dufferin Street,,Toronto,ON,CANADA,L4K 4N1,1
AMS24012191651961,968495,Scott,,Eastwood,,01-01-2001,121 Harbord,,Whitby,ON,CANADA,L1N 2L4,1
AMS24012191609829,968497,Bat," ",Man,,01-01-2010,219 Dufferin Street,,Toronto,ON,CANADA,L4K 4N1,1
AMS24012191628655,968498,Bat," ",Man,,01-01-2010,219 Dufferin Street,,Toronto,ON,CANADA,L4K 4N1,1
AMS24012191637970,968499,Bat,,Man,,01-01-2010,219 Dufferin Street,,Toronto,ON,CANADA,L4K 4N1,1
AMS24012191637970,968500,Scott,,Eastwood,,01-01-2001,121 Harbord,,Whitby,ON,CANADA,L1N 2L4,1
AMS24012191601278,968501,Bat,,Man,,01-01-2010,117 King Edward St,,Winnipeg,MB,CANADA,R3H 0Y3,1
AMS24012191601278,968502,Scott,,Eastwood,,01-01-2001,5275 Portage Ave,,Headingley,MB,CANADA,R4H 1J9,1
AMS24012191620114,968505,QUEENIE,,QUENSTON,,01-13-1995,1561 THE QUEENSWAY,,TORONTO,ON,CANADA,M2R2X8,1
AMS24012191620114,968506,SUSIE,,SASKETON,,01-11-1995,25 CIRCLE DRIVE,,SASKATOON,SK,CANADA,S7L1T9,1
AMS24012191615498,968507,Bat,,Man,,01-01-2010,219 Dufferin Street,,Toronto,ON,CANADA,L4K 4N1,1
AMS24012191615498,968508,Scott,,Eastwood,,01-01-2001,121 Harbord,,Whitby,ON,CANADA,L1N 2L4,1
AMS24012191610679,968509,Bat,,Man,,01-01-2010,219 Dufferin Street,,Toronto,ON,CANADA,L4K 4N1,1
AMS24012191610679,968510,Scott,,Eastwood,,01-01-2001,121 Harbord,,Whitby,ON,CANADA,L1N 2L4,1
AMS24012191710318,968585,Bat," ",Man,,01-01-2010,219 Dufferin Street,,Toronto,ON,CANADA,L4K 4N1,1
AMS24012191700323,968586,Bat," ",Man,,01-01-2010,219 Dufferin Street,,Toronto,ON,CANADA,L4K 4N1,1
AMS25006120047349,980636,Bat," ",Man,,01-01-2010,219 Dufferin Street,,Toronto,ON,CANADA,L4K 4N1,1
AMS25006120144958,980637,Bat," ",Man,,01-01-2010,219 Dufferin Street,,Toronto,ON,CANADA,L4K 4N1,1
AMS25006120234027,980638,Bat," ",Man,,01-01-2010,219 Dufferin Street,,Toronto,ON,CANADA,L4K 4N1,1
AMS25006120232784,980639,Bat," ",Man,,01-01-2010,219 Dufferin Street,,Toronto,ON,CANADA,L4K 4N1,1
AMS25006180926141,980651,Bat," ",Man,,01-01-2010,219 Dufferin Street,,Toronto,ON,CANADA,L4K 4N1,1
AMS25006180937401,980652,Bat," ",Man,,01-01-2010,219 Dufferin Street,,Toronto,ON,CANADA,L4K 4N1,1
AMS25006180932697,980653,Bat," ",Man,,01-01-2010,219 Dufferin Street,,Toronto,ON,CANADA,L4K 4N1,1
AMS25006180947724,980654,Bat," ",Man,,01-01-2010,219 Dufferin Street,,Toronto,ON,CANADA,L4K 4N1,1
AMS25006180942804,980655,Bat," ",Man,,01-01-2010,219 Dufferin Street,,Toronto,ON,CANADA,L4K 4N1,1
AMS25006180939048,980656,Bat," ",Man,,01-01-2010,219 Dufferin Street,,Toronto,ON,CANADA,L4K 4N1,1
AMS25006180931944,980657,Bat," ",Man,,01-01-2010,219 Dufferin Street,,Toronto,ON,CANADA,L4K 4N1,1
AMS25006180931073,980658,Bat," ",Man,,01-01-2010,219 Dufferin Street,,Toronto,ON,CANADA,L4K 4N1,1
AMS25006180931372,980659,Bat," ",Man,,01-01-2010,219 Dufferin Street,,Toronto,ON,CANADA,L4K 4N1,1
AMS25006180917563,980660,Bat," ",Man,,01-01-2010,219 Dufferin Street,,Toronto,ON,CANADA,L4K 4N1,1
AMS25006180939765,980661,Bat," ",Man,,01-01-2010,219 Dufferin Street,,Toronto,ON,CANADA,L4K 4N1,1
AMS25006180924772,980662,Bat," ",Man,,01-01-2010,219 Dufferin Street,,Toronto,ON,CANADA,L4K 4N1,1
AMS25006180926006,980663,Bat," ",Man,,01-01-2010,219 Dufferin Street,,Toronto,ON,CANADA,L4K 4N1,1
AMS25006180902179,980664,Bat," ",Man,,01-01-2010,219 Dufferin Street,,Toronto,ON,CANADA,L4K 4N1,1
AMS25006180933425,980665,Bat," ",Man,,01-01-2010,219 Dufferin Street,,Toronto,ON,CANADA,L4K 4N1,1
AMS25006180913739,980666,Bat," ",Man,,01-01-2010,219 Dufferin Street,,Toronto,ON,CANADA,L4K 4N1,1
AMS25006180919923,980667,Bat," ",Man,,01-01-2010,219 Dufferin Street,,Toronto,ON,CANADA,L4K 4N1,1
AMS25006180924017,980668,Bat," ",Man,,01-01-2010,219 Dufferin Street,,Toronto,ON,CANADA,L4K 4N1,1
AMS25006180919262,980669,Bat," ",Man,,01-01-2010,219 Dufferin Street,,Toronto,ON,CANADA,L4K 4N1,1
AMS25006180914486,980670,Bat," ",Man,,01-01-2010,219 Dufferin Street,,Toronto,ON,CANADA,L4K 4N1,1
AMS25006180907525,980671,Bat," ",Man,,01-01-2010,219 Dufferin Street,,Toronto,ON,CANADA,L4K 4N1,1
AMS25006180929726,980672,Bat," ",Man,,01-01-2010,219 Dufferin Street,,Toronto,ON,CANADA,L4K 4N1,1
AMS25006180902070,980673,Bat," ",Man,,01-01-2010,219 Dufferin Street,,Toronto,ON,CANADA,L4K 4N1,1
AMS25006180918133,980674,Bat," ",Man,,01-01-2010,219 Dufferin Street,,Toronto,ON,CANADA,L4K 4N1,1
AMS25006180913327,980675,Bat," ",Man,,01-01-2010,219 Dufferin Street,,Toronto,ON,CANADA,L4K 4N1,1
AMS25006180908592,980676,Bat," ",Man,,01-01-2010,219 Dufferin Street,,Toronto,ON,CANADA,L4K 4N1,1
AMS25006180923677,980677,Bat," ",Man,,01-01-2010,219 Dufferin Street,,Toronto,ON,CANADA,L4K 4N1,1
AMS25006181056606,980678,Bat," ",Man,,01-01-2010,219 Dufferin Street,,Toronto,ON,CANADA,L4K 4N1,1
AMS25006181012572,980679,Bat," ",Man,,01-01-2010,219 Dufferin Street,,Toronto,ON,CANADA,L4K 4N1,1
AMS25006181007751,980680,Bat," ",Man,,01-01-2010,219 Dufferin Street,,Toronto,ON,CANADA,L4K 4N1,1
AMS25006181002916,980681,Bat," ",Man,,01-01-2010,219 Dufferin Street,,Toronto,ON,CANADA,L4K 4N1,1
AMS25006181017924,980682,Bat," ",Man,,01-01-2010,219 Dufferin Street,,Toronto,ON,CANADA,L4K 4N1,1
AMS25006181050190,980683,Bat," ",Man,,01-01-2010,219 Dufferin Street,,Toronto,ON,CANADA,L4K 4N1,1
AMS25006181056873,980684,Bat," ",Man,,01-01-2010,219 Dufferin Street,,Toronto,ON,CANADA,L4K 4N1,1
AMS25006181006383,980685,Bat," ",Man,,01-01-2010,219 Dufferin Street,,Toronto,ON,CANADA,L4K 4N1,1
AMS25006181001652,980686,Bat," ",Man,,01-01-2010,219 Dufferin Street,,Toronto,ON,CANADA,L4K 4N1,1
AMS25006181011784,980687,Bat," ",Man,,01-01-2010,219 Dufferin Street,,Toronto,ON,CANADA,L4K 4N1,1
AMS25006181044710,980688,Bat," ",Man,,01-01-2010,219 Dufferin Street,,Toronto,ON,CANADA,L4K 4N1,1
AMS25006181056890,980689,Bat," ",Man,,01-01-2010,219 Dufferin Street,,Toronto,ON,CANADA,L4K 4N1,1
AMS25006181050992,980690,Bat," ",Man,,01-01-2010,219 Dufferin Street,,Toronto,ON,CANADA,L4K 4N1,1
AMS25006181001592,980691,Bat," ",Man,,01-01-2010,219 Dufferin Street,,Toronto,ON,CANADA,L4K 4N1,1
AMS25006181006905,980692,Bat," ",Man,,01-01-2010,219 Dufferin Street,,Toronto,ON,CANADA,L4K 4N1,1
AMS25006181053024,980693,Bat," ",Man,,01-01-2010,219 Dufferin Street,,Toronto,ON,CANADA,L4K 4N1,1
AMS25006181046603,980694,Bat," ",Man,,01-01-2010,219 Dufferin Street,,Toronto,ON,CANADA,L4K 4N1,1
AMS25006181057805,980695,Bat," ",Man,,01-01-2010,219 Dufferin Street,,Toronto,ON,CANADA,L4K 4N1,1
AMS25006181002536,980696,Bat," ",Man,,01-01-2010,219 Dufferin Street,,Toronto,ON,CANADA,L4K 4N1,1
AMS25006181007757,980697,Bat," ",Man,,01-01-2010,219 Dufferin Street,,Toronto,ON,CANADA,L4K 4N1,1
AMS25006181030081,980713,Bat," ",Man,,01-01-2010,219 Dufferin Street,,Toronto,ON,CANADA,L4K 4N1,1
AMS25006181046326,980714,Bat," ",Man,,01-01-2010,219 Dufferin Street,,Toronto,ON,CANADA,L4K 4N1,1
AMS25006181041582,980715,Bat," ",Man,,01-01-2010,219 Dufferin Street,,Toronto,ON,CANADA,L4K 4N1,1
AMS25006181051769,980716,Bat," ",Man,,01-01-2010,219 Dufferin Street,,Toronto,ON,CANADA,L4K 4N1,1
AMS25006181036815,980717,Bat," ",Man,,01-01-2010,219 Dufferin Street,,Toronto,ON,CANADA,L4K 4N1,1
AMS25006181040420,980718,Bat," ",Man,,01-01-2010,219 Dufferin Street,,Toronto,ON,CANADA,L4K 4N1,1
AMS25006181024529,980719,Bat," ",Man,,01-01-2010,219 Dufferin Street,,Toronto,ON,CANADA,L4K 4N1,1
AMS25006181045637,980720,Bat," ",Man,,01-01-2010,219 Dufferin Street,,Toronto,ON,CANADA,L4K 4N1,1
AMS25006181035669,980721,Bat," ",Man,,01-01-2010,219 Dufferin Street,,Toronto,ON,CANADA,L4K 4N1,1
AMS25006181030916,980722,Bat," ",Man,,01-01-2010,219 Dufferin Street,,Toronto,ON,CANADA,L4K 4N1,1
AMS25006181142125,980723,Bat," ",Man,,01-01-2010,219 Dufferin Street,,Toronto,ON,CANADA,L4K 4N1,1
AMS25006181136550,980724,Bat," ",Man,,01-01-2010,219 Dufferin Street,,Toronto,ON,CANADA,L4K 4N1,1
AMS25006181131804,980725,Bat," ",Man,,01-01-2010,219 Dufferin Street,,Toronto,ON,CANADA,L4K 4N1,1
AMS25006181119879,980726,Bat," ",Man,,01-01-2010,219 Dufferin Street,,Toronto,ON,CANADA,L4K 4N1,1
AMS25006181125948,980727,Bat," ",Man,,01-01-2010,219 Dufferin Street,,Toronto,ON,CANADA,L4K 4N1,1
AMS25006181115113,980728,Bat," ",Man,,01-01-2010,219 Dufferin Street,,Toronto,ON,CANADA,L4K 4N1,1
AMS25006181156249,980729,Bat," ",Man,,01-01-2010,219 Dufferin Street,,Toronto,ON,CANADA,L4K 4N1,1
AMS25006181131400,980730,Bat," ",Man,,01-01-2010,219 Dufferin Street,,Toronto,ON,CANADA,L4K 4N1,1
AMS25006181151427,980732,Bat," ",Man,,01-01-2010,219 Dufferin Street,,Toronto,ON,CANADA,L4K 4N1,1
AMS25006181121718,980734,Bat," ",Man,,01-01-2010,219 Dufferin Street,,Toronto,ON,CANADA,L4K 4N1,1
AMS25006181141719,980735,Bat," ",Man,,01-01-2010,117 King Edward St,,Winnipeg,MB,CANADA,R3H 0Y3,1
AMS25006181106003,980737,Bat,,Man,,01-01-2010,219 Dufferin Street,,Toronto,ON,CANADA,L4K 4N1,1
AMS25006181106003,980738,Scott,,Eastwood,,01-01-2001,121 Harbord,,Whitby,ON,CANADA,L1N 2L4,1
AMS25006181146053,980741,QUEENIE,,QUENSTON,,01-13-1995,1561 THE QUEENSWAY,,TORONTO,ON,CANADA,M2R2X8,1
AMS25006181146053,980742,SUSIE,,SASKETON,,01-11-1995,25 CIRCLE DRIVE,,SASKATOON,SK,CANADA,S7L1T9,1
AMS25006181101058,980743,Bat,,Man,,01-01-2010,219 Dufferin Street,,Toronto,ON,CANADA,L4K 4N1,1
AMS25006181101058,980744,Scott,,Eastwood,,01-01-2001,121 Harbord,,Whitby,ON,CANADA,L1N 2L4,1
AMS25006181141207,980745,Bat,,Man,,01-01-2010,219 Dufferin Street,,Toronto,ON,CANADA,L4K 4N1,1
AMS25006181141207,980746,Scott,,Eastwood,,01-01-2001,121 Harbord,,Whitby,ON,CANADA,L1N 2L4,1
AMS25006181136414,980747,Bat,,Man,,01-01-2010,219 Dufferin Street,,Toronto,ON,CANADA,L4K 4N1,1
AMS25006181136414,980748,Scott,,Eastwood,,01-01-2001,121 Harbord,,Whitby,ON,CANADA,L1N 2L4,1
AMS25006181126744,980749,Bat,,Man,,01-01-2010,117 King Edward St,,Winnipeg,MB,CANADA,R3H 0Y3,1
AMS25006181126744,980750,Scott,,Eastwood,,01-01-2001,5275 Portage Ave,,Headingley,MB,CANADA,R4H 1J9,1
AMS25006181155710,980753,Bat," ",Man,,01-01-2010,219 Dufferin Street,,Toronto,ON,CANADA,L4K 4N1,1
AMS25006181116974,980757,Bat,,Man,,01-01-2010,219 Dufferin Street,,Toronto,ON,CANADA,L4K 4N1,1
AMS25006181116974,980758,Scott,,Eastwood,,01-01-2001,121 Harbord,,Whitby,ON,CANADA,L1N 2L4,1
AMS25006181150884,980759,Bat," ",Man,,01-01-2010,219 Dufferin Street,,Toronto,ON,CANADA,L4K 4N1,1
AMS25006181130057,980760,Bat," ",Man,,01-01-2010,219 Dufferin Street,,Toronto,ON,CANADA,L4K 4N1,1
AMS25006181125188,980761,Bat," ",Man,,01-01-2010,219 Dufferin Street,,Toronto,ON,CANADA,L4K 4N1,1
AMS25006181115317,980763,Bat," ",Man,,01-01-2010,117 King Edward St,,Winnipeg,MB,CANADA,R3H 0Y3,1
AMS25006181159342,980766,Bat,,Man,,01-01-2010,117 King Edward St,,Winnipeg,MB,CANADA,R3H 0Y3,1
AMS25006181159342,980767,Scott,,Eastwood,,01-01-2001,5275 Portage Ave,,Headingley,MB,CANADA,R4H 1J9,1
AMS25006181149474,980770,Bat,,Man,,01-01-2010,219 Dufferin Street,,Toronto,ON,CANADA,L4K 4N1,1
AMS25006181149474,980771,Scott,,Eastwood,,01-01-2001,121 Harbord,,Whitby,ON,CANADA,L1N 2L4,1
AMS25006181105566,980773,Bat," ",Man,,01-01-2010,219 Dufferin Street,,Toronto,ON,CANADA,L4K 4N1,1
AMS25006181139756,980776,Bat,,Man,,01-01-2010,219 Dufferin Street,,Toronto,ON,CANADA,L4K 4N1,1
AMS25006181139756,980777,Scott,,Eastwood,,01-01-2001,121 Harbord,,Whitby,ON,CANADA,L1N 2L4,1
AMS25006181134924,980778,Bat,,Man,,01-01-2010,219 Dufferin Street,,Toronto,ON,CANADA,L4K 4N1,1
AMS25006181134924,980779,Scott,,Eastwood,,01-01-2001,121 Harbord,,Whitby,ON,CANADA,L1N 2L4,1
AMS25006181114032,980780,Bat,,Man,,01-01-2010,219 Dufferin Street,,Toronto,ON,CANADA,L4K 4N1,1
AMS25006181114032,980781,Scott,,Eastwood,,01-01-2001,121 Harbord,,Whitby,ON,CANADA,L1N 2L4,1
AMS25006181109099,980782,Bat,,Man,,01-01-2010,219 Dufferin Street,,Toronto,ON,CANADA,L4K 4N1,1
AMS25006181109099,980783,Scott,,Eastwood,,01-01-2001,121 Harbord,,Whitby,ON,CANADA,L1N 2L4,1
AMS25006181138498,980785,Bat," ",Man,,01-01-2010,219 Dufferin Street,,Toronto,ON,CANADA,L4K 4N1,1
AMS25006181148335,980787,Bat," ",Man,,01-01-2010,117 King Edward St,,Winnipeg,MB,CANADA,R3H 0Y3,1
AMS25006181128803,980789,Bat," ",Man,,01-01-2010,219 Dufferin Street,,Toronto,ON,CANADA,L4K 4N1,1
AMS25006181158762,980790,Bat," ",Man,,01-01-2010,219 Dufferin Street,,Toronto,ON,CANADA,L4K 4N1,1
AMS25006181118875,980791,QUEENIE,,QUENSTON,,01-13-1995,1561 THE QUEENSWAY,,TORONTO,ON,CANADA,M2R2X8,1
AMS25006181118875,980792,SUSIE,,SASKETON,,01-11-1995,25 CIRCLE DRIVE,,SASKATOON,SK,CANADA,S7L1T9,1
AMS25006181123886,980793,Bat," ",Man,,01-01-2010,219 Dufferin Street,,Toronto,ON,CANADA,L4K 4N1,1
AMS25006181155126,980794,QUEENIE,,QUENSTON,,01-13-1995,1561 THE QUEENSWAY,,TORONTO,ON,CANADA,M2R2X8,1
AMS25006181155126,980795,SUSIE,,SASKETON,,01-11-1995,25 CIRCLE DRIVE,,SASKATOON,SK,CANADA,S7L1T9,1
AMS25006181134695,980796,Bat,,Man,,01-01-2010,117 King Edward St,,Winnipeg,MB,CANADA,R3H 0Y3,1
AMS25006181134695,980797,Scott,,Eastwood,,01-01-2001,5275 Portage Ave,,Headingley,MB,CANADA,R4H 1J9,1
AMS25006181108558,980800,Bat,,Man,,01-01-2010,219 Dufferin Street,,Toronto,ON,CANADA,L4K 4N1,1
AMS25006181108558,980801,Scott,,Eastwood,,01-01-2001,121 Harbord,,Whitby,ON,CANADA,L1N 2L4,1
AMS25006181123719,980804,Bat,,Man,,01-01-2010,219 Dufferin Street,,Toronto,ON,CANADA,L4K 4N1,1
AMS25006181123719,980805,Scott,,Eastwood,,01-01-2001,121 Harbord,,Whitby,ON,CANADA,L1N 2L4,1
AMS25006181103617,980806,Bat," ",Man,,01-01-2010,219 Dufferin Street,,Toronto,ON,CANADA,L4K 4N1,1
AMS25006181144837,980807,Bat,,Man,,01-01-2010,219 Dufferin Street,,Toronto,ON,CANADA,L4K 4N1,1
AMS25006181144837,980808,Scott,,Eastwood,,01-01-2001,121 Harbord,,Whitby,ON,CANADA,L1N 2L4,1
AMS25006181113882,980811,Bat,,Man,,01-01-2010,219 Dufferin Street,,Toronto,ON,CANADA,L4K 4N1,1
AMS25006181113882,980812,Scott,,Eastwood,,01-01-2001,121 Harbord,,Whitby,ON,CANADA,L1N 2L4,1
AMS25006181149932,980813,Bat,,Man,,01-01-2010,219 Dufferin Street,,Toronto,ON,CANADA,L4K 4N1,1
AMS25006181149932,980814,Scott,,Eastwood,,01-01-2001,121 Harbord,,Whitby,ON,CANADA,L1N 2L4,1
AMS25006181255068,981035,Bat," ",Man,,01-01-2010,219 Dufferin Street,,Toronto,ON,CANADA,L4K 4N1,1
AMS25006181332017,981036,Bat," ",Man,,01-01-2010,219 Dufferin Street,,Toronto,ON,CANADA,L4K 4N1,1
AMS25006181311643,981038,Bat," ",Man,,01-01-2010,219 Dufferin Street,,Toronto,ON,CANADA,L4K 4N1,1
AMS25006181322305,981039,Bat," ",Man,,01-01-2010,117 King Edward St,,Winnipeg,MB,CANADA,R3H 0Y3,1
AMS25006181346707,981041,Bat,,Man,,01-01-2010,219 Dufferin Street,,Toronto,ON,CANADA,L4K 4N1,1
AMS25006181346707,981042,Bat,,Man,,01-01-2010,PT 30 Highway 6,,Lundar,MB,CANADA,R0C 1Y0,1
AMS25006181346707,981044,Scott,,Eastwood,,01-01-2001,5275 Portage Ave,,Headingley,MB,CANADA,R4H 1J9,1
AMS25006181356729,981049,Bat,,Man,,01-01-2010,219 Dufferin Street,,Toronto,ON,CANADA,L4K 4N1,1
AMS25006181356729,981050,Scott,,Eastwood,,01-01-2001,121 Harbord,,Whitby,ON,CANADA,L1N 2L4,1
AMS25006181301902,981054,Bat," ",Man,,01-01-2010,219 Dufferin Street,,Toronto,ON,CANADA,L4K 4N1,1
AMS25006181341761,981055,Bat,,Man,,01-01-2010,219 Dufferin Street,,Toronto,ON,CANADA,L4K 4N1,1
AMS25006181341761,981056,Scott,,Eastwood,,01-01-2001,121 Harbord,,Whitby,ON,CANADA,L1N 2L4,1
AMS25006181336948,981057,Bat," ",Man,,01-01-2010,219 Dufferin Street,,Toronto,ON,CANADA,L4K 4N1,1
AMS25006181321008,981058,Bat,,Man,,01-01-2010,219 Dufferin Street,,Toronto,ON,CANADA,L4K 4N1,1
AMS25006181321008,981059,Scott,,Eastwood,,01-01-2001,121 Harbord,,Whitby,ON,CANADA,L1N 2L4,1
AMS25006181316170,981060,Bat,,Man,,01-01-2010,219 Dufferin Street,,Toronto,ON,CANADA,L4K 4N1,1
AMS25006181316170,981061,Scott,,Eastwood,,01-01-2001,121 Harbord,,Whitby,ON,CANADA,L1N 2L4,1
AMS25006181306519,981062,Bat,,Man,,01-01-2010,117 King Edward St,,Winnipeg,MB,CANADA,R3H 0Y3,1
AMS25006181306519,981063,Scott,,Eastwood,,01-01-2001,5275 Portage Ave,,Headingley,MB,CANADA,R4H 1J9,1
AMS25006181325863,981066,QUEENIE,,QUENSTON,,01-13-1995,1561 THE QUEENSWAY,,TORONTO,ON,CANADA,M2R2X8,1
AMS25006181325863,981067,SUSIE,,SASKETON,,01-11-1995,25 CIRCLE DRIVE,,SASKATOON,SK,CANADA,S7L1T9,1
AMS25006181347896,981088,Bat," ",Man,,01-01-2010,219 Dufferin Street,,Toronto,ON,CANADA,L4K 4N1,1
AMS25006181353909,981089,Bat," ",Man,,01-01-2010,219 Dufferin Street,,Toronto,ON,CANADA,L4K 4N1,1
AMS25006181334051,981091,Bat,,Man,,01-01-2010,219 Dufferin Street,,Toronto,ON,CANADA,L4K 4N1,1
AMS25006181334051,981092,Scott,,Eastwood,,01-01-2001,121 Harbord,,Whitby,ON,CANADA,L1N 2L4,1
AMS25006181329083,981093,Bat," ",Man,,01-01-2010,219 Dufferin Street,,Toronto,ON,CANADA,L4K 4N1,1
AMS25006181324104,981094,Bat," ",Man,,01-01-2010,219 Dufferin Street,,Toronto,ON,CANADA,L4K 4N1,1
AMS25006181339202,981095,Bat,,Man,,01-01-2010,219 Dufferin Street,,Toronto,ON,CANADA,L4K 4N1,1
AMS25006181339202,981096,Scott,,Eastwood,,01-01-2001,121 Harbord,,Whitby,ON,CANADA,L1N 2L4,1
AMS25006181314307,981099,Bat," ",Man,,01-01-2010,117 King Edward St,,Winnipeg,MB,CANADA,R3H 0Y3,1
AMS25006181303897,981102,Bat," ",Man,,01-01-2010,219 Dufferin Street,,Toronto,ON,CANADA,L4K 4N1,1
AMS25006181359576,981105,Bat,,Man,,01-01-2010,117 King Edward St,,Winnipeg,MB,CANADA,R3H 0Y3,1
AMS25006181359576,981106,Scott,,Eastwood,,01-01-2001,5275 Portage Ave,,Headingley,MB,CANADA,R4H 1J9,1
AMS25006181349653,981107,Bat,,Man,,01-01-2010,219 Dufferin Street,,Toronto,ON,CANADA,L4K 4N1,1
AMS25006181349653,981108,Scott,,Eastwood,,01-01-2001,121 Harbord,,Whitby,ON,CANADA,L1N 2L4,1
AMS25006181314320,981111,Bat,,Man,,01-01-2010,219 Dufferin Street,,Toronto,ON,CANADA,L4K 4N1,1
AMS25006181314320,981112,Scott,,Eastwood,,01-01-2001,121 Harbord,,Whitby,ON,CANADA,L1N 2L4,1
AMS25006181359340,981113,Bat," ",Man,,01-01-2010,219 Dufferin Street,,Toronto,ON,CANADA,L4K 4N1,1
AMS25006181309348,981114,Bat,,Man,,01-01-2010,219 Dufferin Street,,Toronto,ON,CANADA,L4K 4N1,1
AMS25006181309348,981115,Scott,,Eastwood,,01-01-2001,121 Harbord,,Whitby,ON,CANADA,L1N 2L4,1
AMS25006181329406,981117,Bat," ",Man,,01-01-2010,219 Dufferin Street,,Toronto,ON,CANADA,L4K 4N1,1
AMS25006181319380,981118,QUEENIE,,QUENSTON,,01-13-1995,1561 THE QUEENSWAY,,TORONTO,ON,CANADA,M2R2X8,1
AMS25006181319380,981119,SUSIE,,SASKETON,,01-11-1995,25 CIRCLE DRIVE,,SASKATOON,SK,CANADA,S7L1T9,1
AMS25006181324380,981120,Bat," ",Man,,01-01-2010,219 Dufferin Street,,Toronto,ON,CANADA,L4K 4N1,1
AMS25006181349516,981121,Bat," ",Man,,01-01-2010,117 King Edward St,,Winnipeg,MB,CANADA,R3H 0Y3,1
AMS25006181339635,981123,Bat," ",Man,,01-01-2010,219 Dufferin Street,,Toronto,ON,CANADA,L4K 4N1,1
AMS25006181324098,981127,Bat,,Man,,01-01-2010,219 Dufferin Street,,Toronto,ON,CANADA,L4K 4N1,1
AMS25006181324098,981128,Scott,,Eastwood,,01-01-2001,121 Harbord,,Whitby,ON,CANADA,L1N 2L4,1
AMS25006181359038,981129,Bat," ",Man,,01-01-2010,219 Dufferin Street,,Toronto,ON,CANADA,L4K 4N1,1
AMS25006181354155,981130,QUEENIE,,QUENSTON,,01-13-1995,1561 THE QUEENSWAY,,TORONTO,ON,CANADA,M2R2X8,1
AMS25006181354155,981131,SUSIE,,SASKETON,,01-11-1995,25 CIRCLE DRIVE,,SASKATOON,SK,CANADA,S7L1T9,1
AMS25006181309188,981132,Bat,,Man,,01-01-2010,219 Dufferin Street,,Toronto,ON,CANADA,L4K 4N1,1
AMS25006181309188,981133,Scott,,Eastwood,,01-01-2001,121 Harbord,,Whitby,ON,CANADA,L1N 2L4,1
AMS25006181349201,981134,Bat,,Man,,01-01-2010,219 Dufferin Street,,Toronto,ON,CANADA,L4K 4N1,1
AMS25006181349201,981135,Scott,,Eastwood,,01-01-2001,121 Harbord,,Whitby,ON,CANADA,L1N 2L4,1
AMS25006181314338,981138,Bat,,Man,,01-01-2010,219 Dufferin Street,,Toronto,ON,CANADA,L4K 4N1,1
AMS25006181314338,981139,Scott,,Eastwood,,01-01-2001,121 Harbord,,Whitby,ON,CANADA,L1N 2L4,1
AMS25006181304257,981140,Bat," ",Man,,01-01-2010,219 Dufferin Street,,Toronto,ON,CANADA,L4K 4N1,1
AMS25006181344273,981141,Bat,,Man,,01-01-2010,219 Dufferin Street,,Toronto,ON,CANADA,L4K 4N1,1
AMS25006181344273,981142,Scott,,Eastwood,,01-01-2001,121 Harbord,,Whitby,ON,CANADA,L1N 2L4,1
AMS25006181333952,981143,Bat,,Man,,01-01-2010,117 King Edward St,,Winnipeg,MB,CANADA,R3H 0Y3,1
AMS25006181333952,981144,Scott,,Eastwood,,01-01-2001,5275 Portage Ave,,Headingley,MB,CANADA,R4H 1J9,1
AMS25006181304096,981148,Bat," ",Man,,01-01-2010,219 Dufferin Street,,Toronto,ON,CANADA,L4K 4N1,1
AMS25006181324156,981149,Bat," ",Man,,01-01-2010,117 King Edward St,,Winnipeg,MB,CANADA,R3H 0Y3,1
AMS25006181348619,981153,Bat,,Man,,01-01-2010,219 Dufferin Street,,Toronto,ON,CANADA,L4K 4N1,1
AMS25006181348619,981154,Scott,,Eastwood,,01-01-2001,121 Harbord,,Whitby,ON,CANADA,L1N 2L4,1
AMS25006181358545,981155,Bat,,Man,,01-01-2010,219 Dufferin Street,,Toronto,ON,CANADA,L4K 4N1,1
AMS25006181358545,981156,Scott,,Eastwood,,01-01-2001,121 Harbord,,Whitby,ON,CANADA,L1N 2L4,1
AMS25006181343771,981159,Bat,,Man,,01-01-2010,219 Dufferin Street,,Toronto,ON,CANADA,L4K 4N1,1
AMS25006181343771,981160,Scott,,Eastwood,,01-01-2001,121 Harbord,,Whitby,ON,CANADA,L1N 2L4,1
AMS25006181313939,981162,Bat," ",Man,,01-01-2010,219 Dufferin Street,,Toronto,ON,CANADA,L4K 4N1,1
AMS25006181338869,981163,Bat," ",Man,,01-01-2010,219 Dufferin Street,,Toronto,ON,CANADA,L4K 4N1,1
AMS25006181333955,981164,Bat," ",Man,,01-01-2010,219 Dufferin Street,,Toronto,ON,CANADA,L4K 4N1,1
AMS25006181338095,981165,Bat," ",Man,,01-01-2010,219 Dufferin Street,,Toronto,ON,CANADA,L4K 4N1,1
AMS25006181333174,981167,Bat," ",Man,,01-01-2010,219 Dufferin Street,,Toronto,ON,CANADA,L4K 4N1,1
AMS25006181328283,981168,QUEENIE,,QUENSTON,,01-13-1995,1561 THE QUEENSWAY,,TORONTO,ON,CANADA,M2R2X8,1
AMS25006181328283,981169,SUSIE,,SASKETON,,01-11-1995,25 CIRCLE DRIVE,,SASKATOON,SK,CANADA,S7L1T9,1
AMS25006181318315,981170,Bat,,Man,,01-01-2010,219 Dufferin Street,,Toronto,ON,CANADA,L4K 4N1,1
AMS25006181318315,981171,Scott,,Eastwood,,01-01-2001,121 Harbord,,Whitby,ON,CANADA,L1N 2L4,1
AMS25006181308406,981172,Bat,,Man,,01-01-2010,117 King Edward St,,Winnipeg,MB,CANADA,R3H 0Y3,1
AMS25006181308406,981173,Scott,,Eastwood,,01-01-2001,5275 Portage Ave,,Headingley,MB,CANADA,R4H 1J9,1
AMS25006181323385,981176,Bat,,Man,,01-01-2010,219 Dufferin Street,,Toronto,ON,CANADA,L4K 4N1,1
AMS25006181323385,981177,Scott,,Eastwood,,01-01-2001,121 Harbord,,Whitby,ON,CANADA,L1N 2L4,1
AMS25006181357605,981179,Bat," ",Man,,01-01-2010,117 King Edward St,,Winnipeg,MB,CANADA,R3H 0Y3,1
AMS25006181347836,981181,Bat," ",Man,,01-01-2010,219 Dufferin Street,,Toronto,ON,CANADA,L4K 4N1,1
AMS25006181332022,981182,Bat,,Man,,01-01-2010,219 Dufferin Street,,Toronto,ON,CANADA,L4K 4N1,1
AMS25006181332022,981183,Scott,,Eastwood,,01-01-2001,121 Harbord,,Whitby,ON,CANADA,L1N 2L4,1
AMS25006181342083,981188,Bat,,Man,,01-01-2010,117 King Edward St,,Winnipeg,MB,CANADA,R3H 0Y3,1
AMS25006181342083,981189,Scott,,Eastwood,,01-01-2001,5275 Portage Ave,,Headingley,MB,CANADA,R4H 1J9,1
AMS25006181322199,981192,Bat,,Man,,01-01-2010,219 Dufferin Street,,Toronto,ON,CANADA,L4K 4N1,1
AMS25006181322199,981193,Scott,,Eastwood,,01-01-2001,121 Harbord,,Whitby,ON,CANADA,L1N 2L4,1
AMS25006181312285,981194,Bat," ",Man,,01-01-2010,219 Dufferin Street,,Toronto,ON,CANADA,L4K 4N1,1
AMS25006181317287,981195,Bat,,Man,,01-01-2010,219 Dufferin Street,,Toronto,ON,CANADA,L4K 4N1,1
AMS25006181317287,981196,Scott,,Eastwood,,01-01-2001,121 Harbord,,Whitby,ON,CANADA,L1N 2L4,1
AMS25006181307363,981197,Bat," ",Man,,01-01-2010,219 Dufferin Street,,Toronto,ON,CANADA,L4K 4N1,1
AMS25006181356864,981198,Bat,,Man,,01-01-2010,219 Dufferin Street,,Toronto,ON,CANADA,L4K 4N1,1
AMS25006181356864,981199,Scott,,Eastwood,,01-01-2001,121 Harbord,,Whitby,ON,CANADA,L1N 2L4,1
AMS25006181351944,981200,Bat,,Man,,01-01-2010,219 Dufferin Street,,Toronto,ON,CANADA,L4K 4N1,1
AMS25006181351944,981201,Scott,,Eastwood,,01-01-2001,121 Harbord,,Whitby,ON,CANADA,L1N 2L4,1
AMS25006181301752,981202,QUEENIE,,QUENSTON,,01-13-1995,1561 THE QUEENSWAY,,TORONTO,ON,CANADA,M2R2X8,1
AMS25006181301752,981203,SUSIE,,SASKETON,,01-11-1995,25 CIRCLE DRIVE,,SASKATOON,SK,CANADA,S7L1T9,1
AMS25006190858090,981284,Bat," ",Man,,01-01-2010,219 Dufferin Street,,Toronto,ON,CANADA,L4K 4N1,1
AMS25006190835321,981285,Bat," ",Man,,01-01-2010,219 Dufferin Street,,Toronto,ON,CANADA,L4K 4N1,1
AMS25006190842746,981286,Bat," ",Man,,01-01-2010,219 Dufferin Street,,Toronto,ON,CANADA,L4K 4N1,1
AMS25006190847846,981287,Bat," ",Man,,01-01-2010,219 Dufferin Street,,Toronto,ON,CANADA,L4K 4N1,1
AMS25006190852920,981288,Bat," ",Man,,01-01-2010,219 Dufferin Street,,Toronto,ON,CANADA,L4K 4N1,1
AMS25006190824470,981289,Bat," ",Man,,01-01-2010,219 Dufferin Street,,Toronto,ON,CANADA,L4K 4N1,1
AMS25006190846763,981290,Bat," ",Man,,01-01-2010,219 Dufferin Street,,Toronto,ON,CANADA,L4K 4N1,1
AMS25006190841808,981291,Bat," ",Man,,01-01-2010,219 Dufferin Street,,Toronto,ON,CANADA,L4K 4N1,1
AMS25006190836839,981292,Bat," ",Man,,01-01-2010,219 Dufferin Street,,Toronto,ON,CANADA,L4K 4N1,1
AMS25006190831905,981293,Bat," ",Man,,01-01-2010,219 Dufferin Street,,Toronto,ON,CANADA,L4K 4N1,1
AMS25006190849034,981294,Bat," ",Man,,01-01-2010,219 Dufferin Street,,Toronto,ON,CANADA,L4K 4N1,1
AMS25006190854060,981295,Bat," ",Man,,01-01-2010,219 Dufferin Street,,Toronto,ON,CANADA,L4K 4N1,1
AMS25006190841590,981296,Bat," ",Man,,01-01-2010,219 Dufferin Street,,Toronto,ON,CANADA,L4K 4N1,1
AMS25006190858990,981297,Bat," ",Man,,01-01-2010,219 Dufferin Street,,Toronto,ON,CANADA,L4K 4N1,1
AMS25006190803899,981298,Bat," ",Man,,01-01-2010,219 Dufferin Street,,Toronto,ON,CANADA,L4K 4N1,1
AMS23121308560245,944736,Fionne,,George,,05-22-1982,83 Starlight Cres,,Richmond Hill,BC,CANADA,L4C 4X3,2
AMS24060310440550,949550,Bat," ",Man,,01-01-2010,219 Dufferin Street,,Toronto,ON,CANADA,L4K 4N1,2
AMS24060311030421,949552,Ethan1," ",Thomas1,,05-12-1982,371 Tulameen Ave,,Princeton,BC,CANADA,V0X 1W0,2
AMS24060311310127,949554,Ethan1," ",Thomas1,,05-12-1982,371 Tulameen Ave,,Princeton,BC,CANADA,V0X 1W0,2
AMS24060311470907,949555,Ethan1," ",Thomas1,,05-12-1982,371 Tulameen Ave,,Princeton,BC,CANADA,V0X 1W0,2
AMS24060712050566,949633,Fionne," ",George,,05-22-1982,83 Starlight Cres,,Richmond Hill,BC,CANADA,L4C 4X3,2
AMS24060712050736,949634,Fionne," ",George,,05-22-1982,83 Starlight Cres,,Richmond Hill,BC,CANADA,L4C 4X3,2
AMS24060713110219,949662,Fionne1," ",George1,,05-22-1982,83 Starlight Cres,,Richmond Hill,ON,CANADA,L4C 4X3,2
AMS24060713340154,949691,Bat," ",Man,,01-01-2010,219 Dufferin Street,,Toronto,ON,CANADA,L4K 4N1,2
AMS24060713340224,949692,Bat," ",Man,,01-01-2010,424 University Centre,,Winnipeg,MB,CANADA,R3T 2N2,2
AMS24060713340547,949696,Bat," ",Man,,01-01-2010,219 Dufferin Street,,Toronto,ON,CANADA,L4K 4N1,2
AMS24060713340689,949697,Bat," ",Man,,01-01-2010,219 Dufferin Street,,Toronto,ON,CANADA,L4K 4N1,2
AMS24060713340975,949700,Bat," ",Man,,01-01-2010,219 Dufferin Street,,Toronto,ON,CANADA,L4K 4N1,2
AMS24060713350342,949710,Bat," ",Man,,01-01-2010,219 Dufferin Street,,Toronto,ON,CANADA,L4K 4N1,2
AMS24060713350513,949711,Bat," ",Man,,01-01-2010,219 Dufferin Street,,Toronto,ON,CANADA,L4K 4N1,2
AMS24060714140148,949729,Bat," ",Man,,01-01-2010,219 Dufferin Street,,Toronto,ON,CANADA,L4K 4N1,2
AMS24060714340283,949731,Ethan1," ",Thomas1,,05-12-1982,371 Tulameen Ave,,Princeton,BC,CANADA,V0X 1W0,2
AMS24060715020944,949733,Ethan1," ",Thomas1,,05-12-1982,371 Tulameen Ave,,Princeton,BC,CANADA,V0X 1W0,2
AMS24060715180136,949734,Ethan1," ",Thomas1,,05-12-1982,371 Tulameen Ave,,Princeton,BC,CANADA,V0X 1W0,2
AMS24061803300668,949766,Bat," ",Man,,01-01-2010,219 Dufferin Street,,Toronto,ON,CANADA,L4K 4N1,2
AMS24061815440581,949873,Fionne," ",George,,05-22-1982,83 Starlight Cres,,Richmond Hill,BC,CANADA,L4C 4X3,2
AMS24061815440626,949874,Fionne," ",George,,05-22-1982,83 Starlight Cres,,Richmond Hill,BC,CANADA,L4C 4X3,2
AMS24061816520340,949899,Fionne1," ",George1,,05-22-1982,83 Starlight Cres,,Richmond Hill,ON,CANADA,L4C 4X3,2
AMS24061817150753,949933,Bat," ",Man,,01-01-2010,219 Dufferin Street,,Toronto,ON,CANADA,L4K 4N1,2
AMS24061817150796,949934,Bat," ",Man,,01-01-2010,219 Dufferin Street,,Toronto,ON,CANADA,L4K 4N1,2
AMS24061817150822,949935,Bat," ",Man,,01-01-2010,219 Dufferin Street,,Toronto,ON,CANADA,L4K 4N1,2
AMS24061817150873,949937,Bat," ",Man,,01-01-2010,219 Dufferin Street,,Toronto,ON,CANADA,L4K 4N1,2
AMS24061817150920,949939,Bat," ",Man,,01-01-2010,424 University Centre,,Winnipeg,MB,CANADA,R3T 2N2,2
AMS24061817160127,949948,Bat," ",Man,,01-01-2010,219 Dufferin Street,,Toronto,ON,CANADA,L4K 4N1,2
AMS24061817160965,949955,Bat," ",Man,,01-01-2010,219 Dufferin Street,,Toronto,ON,CANADA,L4K 4N1,2
AMS24011080425240,964693,Ethan1," ",Thomas1,,05-12-1982,371 Tulameen Ave,,Princeton,BC,CANADA,V0X 1W0,2
AMS24012190847045,968227,Fionne," ",George,,05-22-1982,83 Starlight Cres,,Richmond Hill,BC,CANADA,L4C 4X3,2
AMS24012190851949,968229,Fionne," ",George,,05-22-1982,83 Starlight Cres,,Richmond Hill,BC,CANADA,L4C 4X3,2
AMS24012190938133,968246,Avenger4,,West4,,05-12-1982,123 Court Street,,Toronto,MB,CANADA,L1L 1V1,2
AMS24012190947310,968247,Avenger6,,West6,,05-12-1982,123 Court Street,,Toronto,MB,CANADA,L1L 1V1,2
AMS24012190928577,968245,Avenger2,,West2,,05-12-1982,123 Court Street,,Toronto,MB,CANADA,L1L 1V1,2
AMS24012190915292,968244,Avenger11,,West11,,05-12-1982,123 Court Street,,Toronto,MB,CANADA,L1L 1V1,2
AMS24012190905902,968243,Avenger11,,West11,,05-12-1982,123 Court Street,,Toronto,MB,CANADA,L1L 1V1,2
AMS24012191025132,968250,Fionne1," ",George1,,05-22-1982,83 Starlight Cres,,Richmond Hill,BC,CANADA,L4C 4X3,2
AMS24012191034162,968251,Fionne1," ",George1,,05-22-1982,83 Starlight Cres,,Richmond Hill,BC,CANADA,L4C 4X3,2
AMS24012191043218,968252,Fionne1," ",George1,,05-22-1982,83 Starlight Cres,,Richmond Hill,BC,CANADA,L4C 4X3,2
AMS24012191020525,968253,Fionne1," ",George1,,05-22-1982,83 Starlight Cres,,Richmond Hill,BC,CANADA,L4C 4X3,2
AMS24012191029619,968254,Fionne1," ",George1,,05-22-1982,83 Starlight Cres,,Richmond Hill,BC,CANADA,L4C 4X3,2
AMS24012191038686,968255,Fionne1," ",George1,,05-22-1982,83 Starlight Cres,,Richmond Hill,BC,CANADA,L4C 4X3,2
000000VIN19100778,968256,Fionne1," ",George1,,05-22-1982,83 Starlight Cres,,Richmond Hill,BC,CANADA,L4C 4X3,2
AMS24012191015821,968257,Fionne1," ",George1,,05-22-1982,83 Starlight Cres,,Richmond Hill,BC,CANADA,L4C 4X3,2
AMS24012191050018,968258,Fionne2," ",George2,,05-22-1982,371 Tulameen Ave,,Princeton,BC,CANADA,V0X 1W0,2
AMS24012191059420,968271,Fionne2,,George2,,05-22-1982,123 Court Street,,Toronto,BC,CANADA,L1L 1V1,2
AMS24012191054700,968263,Fionne2," ",George2,,05-22-1982,371 Tulameen Ave,,Princeton,BC,CANADA,V0X 1W0,2
AMS24012191040706,968264,Fionne2," ",George2,,05-22-1982,371 Tulameen Ave,,Princeton,BC,CANADA,V0X 1W0,2
AMS24012191035917,968265,Fionne2," ",George2,,05-22-1982,371 Tulameen Ave,,Princeton,BC,CANADA,V0X 1W0,2
AMS24012191009036,968266,Fionne1," ",George1,,05-22-1982,83 Starlight Cres,,Richmond Hill,ON,CANADA,L4C 4X3,2
AMS24012191013934,968267,Fionne2," ",George2,,05-22-1982,371 Tulameen Ave,,Princeton,BC,CANADA,V0X 1W0,2
AMS24012191142039,968281,Bat," ",Man,,01-01-2010,219 Dufferin Street,,Toronto,ON,CANADA,L4K 4N1,2
AMS24012191151225,968284,Bat,,Man,,01-01-2010,219 Dufferin Street,,Toronto,ON,CANADA,L4K 4N1,2
AMS24012191151225,968285,Scott,,Eastwood,,01-01-2001,220 Dufferin Street,,Toronto,ON,CANADA,L4K 4N2,2
AMS24012191146619,968289,Bat," ",Man,,01-01-2010,219 Dufferin Street,,Toronto,ON,CANADA,L4K 4N1,2
AMS24012191155918,968291,,,,Almighty Inc,,123 Court Street,,Toronto,ON,CANADA,L1L 1V1,2
AMS24012191105269,968293,Bat," ",Man,,01-01-2010,219 Dufferin Street,,Toronto,ON,CANADA,L4K 4N1,2
AMS24012191124266,968296,Bat," ",Man,,01-01-2010,117 King Edward St,,Winnipeg,MB,CANADA,R3H 0Y3,2
AMS24012191138293,968297,Bat," ",Man,,01-01-2010,219 Dufferin Street,,Toronto,ON,CANADA,L4K 4N1,2
AMS24012191114814,968301,Bat," ",Man,,01-01-2010,219 Dufferin Street,,Toronto,ON,CANADA,L4K 4N1,2
AMS24012191100587,968302,Bat," ",Man,,01-01-2010,219 Dufferin Street,,Toronto,ON,CANADA,L4K 4N1,2
AMS24012191133620,968303,Bat," ",Man,,01-01-2010,219 Dufferin Street,,Toronto,ON,CANADA,L4K 4N1,2
AMS24012191142907,968305,Bat," ",Man,,01-01-2010,219 Dufferin Street,,Toronto,ON,CANADA,L4K 4N1,2
AMS24012191126053,968306,QUEENIE,,QUENSTON,,01-13-1995,1561 THE QUEENSWAY,,TORONTO,ON,CANADA,M2R2X8,2
AMS24012191126053,968307,SUSIE,,SASKETON,,01-11-1995,25 CIRCLE DRIVE,,SASKATOON,SK,CANADA,S7L1T9,2
AMS24012191140105,968309,Bat," ",Man,,01-01-2010,219 Dufferin Street,,Toronto,ON,CANADA,L4K 4N1,2
AMS24012191121167,968310,Bat," ",Man,,01-01-2010,219 Dufferin Street,,Toronto,ON,CANADA,L4K 4N1,2
AMS24012191135428,968311,Bat," ",Man,,01-01-2010,219 Dufferin Street,,Toronto,ON,CANADA,L4K 4N1,2
AMS24012191116505,968312,Bat," ",Man,,01-01-2010,219 Dufferin Street,,Toronto,ON,CANADA,L4K 4N1,2
AMS24012191130783,968314,Bat," ",Man,,01-01-2010,219 Dufferin Street,,Toronto,ON,CANADA,L4K 4N1,2
AMS24012191152065,968318,Bat," ",Man,,01-01-2010,219 Dufferin Street,,Toronto,ON,CANADA,L4K 4N1,2
AMS24012191156677,968321,Bat," ",Man,,01-01-2010,219 Dufferin Street,,Toronto,ON,CANADA,L4K 4N1,2
AMS24012191101259,968323,Bat," ",Man,,01-01-2010,219 Dufferin Street,,Toronto,ON,CANADA,L4K 4N1,2
AMS24012191240008,968324,Ethan1," ",Thomas1,,05-12-1982,371 Tulameen Ave,,Princeton,BC,CANADA,V0X 1W0,2
AMS24012191254010,968325,Ethan1," ",Thomas1,,05-12-1982,371 Tulameen Ave,,Princeton,BC,CANADA,V0X 1W0,2
AMS24012191216082,968326,Ethan1," ",Thomas1,,05-12-1982,371 Tulameen Ave,,Princeton,BC,CANADA,V0X 1W0,2
AMS24012191235176,968327,Ethan1," ",Thomas1,,05-12-1982,371 Tulameen Ave,,Princeton,BC,CANADA,V0X 1W0,2
AMS24012191221226,968328,Ethan1," ",Thomas1,,05-12-1982,371 Tulameen Ave,,Princeton,BC,CANADA,V0X 1W0,2
AMS24012191249335,968329,Ethan1," ",Thomas1,,05-12-1982,371 Tulameen Ave,,Princeton,BC,CANADA,V0X 1W0,2
AMS24012191230578,968330,Ethan1," ",Thomas1,,05-12-1982,371 Tulameen Ave,,Princeton,BC,CANADA,V0X 1W0,2
AMS24012191258639,968331,Ethan1," ",Thomas1,,05-12-1982,371 Tulameen Ave,,Princeton,BC,CANADA,V0X 1W0,2
AMS24012191244663,968332,Ethan1," ",Thomas1,,05-12-1982,371 Tulameen Ave,,Princeton,BC,CANADA,V0X 1W0,2
AMS24012191225825,968333,Ethan1," ",Thomas1,,05-12-1982,371 Tulameen Ave,,Princeton,BC,CANADA,V0X 1W0,2
AMS24012191233037,968340,Ethan1," ",Thomas1,,05-12-1982,371 Tulameen Ave,,Princeton,BC,CANADA,V0X 1W0,2
AMS24012191223369,968341,Ethan1," ",Thomas1,,05-12-1982,371 Tulameen Ave,,Princeton,BC,CANADA,V0X 1W0,2
AMS24012191228467,968342,Ethan1," ",Thomas1,,05-12-1982,371 Tulameen Ave,,Princeton,BC,CANADA,V0X 1W0,2
AMS24012191237674,968343,Ethan1," ",Thomas1,,05-12-1982,371 Tulameen Ave,,Princeton,BC,CANADA,V0X 1W0,2
AMS24012191302676,968345,Fionne," ",George,,05-22-1982,83 Starlight Cres,,Richmond Hill,ON,CANADA,L4C 4X3,2
AMS24012191303138,968349,Bat," ",Man,,01-01-2010,219 Dufferin Street,,Toronto,ON,CANADA,L4K 4N1,2
AMS25006181057020,980698,Bat," ",Man,,01-01-2010,219 Dufferin Street,,Toronto,ON,CANADA,L4K 4N1,2
AMS25006181046232,980699,Bat," ",Man,,01-01-2010,219 Dufferin Street,,Toronto,ON,CANADA,L4K 4N1,2
AMS25006181051301,980700,Bat," ",Man,,01-01-2010,219 Dufferin Street,,Toronto,ON,CANADA,L4K 4N1,2
AMS25006181007147,980701,Bat," ",Man,,01-01-2010,219 Dufferin Street,,Toronto,ON,CANADA,L4K 4N1,2
AMS25006181002360,980702,Bat," ",Man,,01-01-2010,219 Dufferin Street,,Toronto,ON,CANADA,L4K 4N1,2
AMS25006181051168,980703,Bat," ",Man,,01-01-2010,219 Dufferin Street,,Toronto,ON,CANADA,L4K 4N1,2
AMS25006181046382,980704,Bat," ",Man,,01-01-2010,219 Dufferin Street,,Toronto,ON,CANADA,L4K 4N1,2
AMS25006181039476,980705,Bat," ",Man,,01-01-2010,219 Dufferin Street,,Toronto,ON,CANADA,L4K 4N1,2
AMS25006181055980,980706,Bat," ",Man,,01-01-2010,219 Dufferin Street,,Toronto,ON,CANADA,L4K 4N1,2
AMS25006181001321,980707,Bat," ",Man,,01-01-2010,219 Dufferin Street,,Toronto,ON,CANADA,L4K 4N1,2
AMS25006181047466,980708,Bat," ",Man,,01-01-2010,219 Dufferin Street,,Toronto,ON,CANADA,L4K 4N1,2
AMS25006181052501,980709,Bat," ",Man,,01-01-2010,219 Dufferin Street,,Toronto,ON,CANADA,L4K 4N1,2
AMS25006181042708,980710,Bat," ",Man,,01-01-2010,219 Dufferin Street,,Toronto,ON,CANADA,L4K 4N1,2
AMS25006181057787,980711,Bat," ",Man,,01-01-2010,219 Dufferin Street,,Toronto,ON,CANADA,L4K 4N1,2
AMS25006181035920,980712,Bat," ",Man,,01-01-2010,219 Dufferin Street,,Toronto,ON,CANADA,L4K 4N1,2
AMS25012230710426,986708,Bat," ",Man,,01-01-2010,219 Dufferin Street,,Toronto,ON,CANADA,K0K 0K0,2
AMS25012230717583,986710,Bat," ",Man,,01-01-2010,219 Dufferin Street,,Toronto,ON,CANADA,K0K 0K0,2
AMS25012230738205,986718,Bat," ",Man,,01-01-2010,219 Dufferin Street,,Toronto,ON,CANADA,K0K 0K0,2
AMS01766503560548,986719,Bat," ",Man,,01-01-2010,219 Dufferin Street,,Toronto,ON,CANADA,L4K 4N1,2
AMS01766503634770,986720,Bat," ",Man,,01-01-2010,219 Dufferin Street,,Toronto,ON,CANADA,L4K 4N1,2
AMS01766503771759,986721,Bat," ",Man,,01-01-2010,219 Dufferin Street,,Toronto,ON,CANADA,L4K 4N1,2
